29200,2012-01-03
29200,2012-01-04
29200,2012-01-05
29600,2012-01-06
31200,2012-01-07
31200,2012-01-08
31600,2012-01-09
31600,2012-01-10
32600,2012-01-11
32600,2012-01-12
30600,2012-01-13
30600,2012-01-14
30600,2012-01-15
30600,2012-01-16
30600,2012-01-17
23600,2012-01-18
23200,2012-01-19
23200,2012-01-20
22000,2012-01-21
22000,2012-01-22
22000,2012-01-23
22000,2012-01-24
22000,2012-01-25
21400,2012-01-26
19800,2012-01-27
19800,2012-01-28
19800,2012-01-29
19800,2012-01-30
19800,2012-01-31
15800,2012-02-01
15800,2012-02-02
15800,2012-02-02
15800,2012-02-02
15800,2012-02-02
15800,2012-02-02
15800,2012-02-02
15800,2012-02-02
15800,2012-02-02
15800,2012-02-02
15800,2012-02-02
15800,2012-02-02
15800,2012-02-02
15800,2012-02-02
15800,2012-02-02
15800,2012-02-02
15800,2012-02-02
15800,2012-02-02
15800,2012-02-02
15800,2012-02-02
15800,2012-02-02
15800,2012-02-02
15800,2012-02-02
15800,2012-02-02
15800,2012-02-02
15800,2012-02-02
15800,2012-02-02
15800,2012-02-02
15800,2012-02-02
15800,2012-02-02
21600,2012-03-02
22800,2012-03-03
22800,2012-03-04
22800,2012-03-05
22800,2012-03-06
27200,2012-03-07
27200,2012-03-08
28800,2012-03-09
28800,2012-03-10
28800,2012-03-11
28800,2012-03-12
28800,2012-03-13
32600,2012-03-14
34600,2012-03-15
35000,2012-03-16
35000,2012-03-17
35000,2012-03-18
35000,2012-03-19
35000,2012-03-20
35200,2012-03-21
35200,2012-03-22
35200,2012-03-23
35200,2012-03-24
35200,2012-03-25
35200,2012-03-26
35200,2012-03-27
36800,2012-03-28
36800,2012-03-29
36800,2012-03-30
38000,2012-03-31
38000,2012-04-01
38000,2012-04-02
38000,2012-04-03
49000,2012-04-04
49000,2012-04-05
49000,2012-04-06
49000,2012-04-07
49000,2012-04-08
49000,2012-04-09
49000,2012-04-10
49000,2012-04-11
49000,2012-04-12
47000,2012-04-13
47000,2012-04-14
47000,2012-04-15
47000,2012-04-16
47000,2012-04-17
44200,2012-04-18
47200,2012-04-19
47200,2012-04-20
47200,2012-04-21
47200,2012-04-22
47200,2012-04-23
47200,2012-04-24
34200,2012-04-25
34200,2012-04-26
33200,2012-04-27
33200,2012-04-28
33200,2012-04-29
33200,2012-04-30
33200,2012-05-01
24000,2012-05-02
24000,2012-05-03
24000,2012-05-04
24000,2012-05-05
24000,2012-05-06
24000,2012-05-07
24000,2012-05-08
21800,2012-05-09
21800,2012-05-10
21800,2012-05-11
18800,2012-05-12
16600,2012-05-13
16600,2012-05-14
16600,2012-05-15
15400,2012-05-16
15400,2012-05-17
15400,2012-05-18
15400,2012-05-19
15400,2012-05-20
15400,2012-05-21
15400,2012-05-22
15600,2012-05-23
15600,2012-05-24
16400,2012-05-25
16400,2012-05-26
16000,2012-05-27
16000,2012-05-28
16000,2012-05-29
18400,2012-05-30
19800,2012-05-31
19800,2012-06-01
19800,2012-06-02
19800,2012-06-03
19800,2012-06-04
19800,2012-06-04
22600,2012-06-06
22600,2012-06-07
22600,2012-06-08
22600,2012-06-09
23400,2012-06-10
23400,2012-06-11
23400,2012-06-11
23800,2012-06-13
25400,2012-06-14
25400,2012-06-15
25800,2012-06-16
25800,2012-06-17
25800,2012-06-18
30000,2012-06-19
24800,2012-06-20
24800,2012-06-21
23800,2012-06-22
23800,2012-06-23
22800,2012-06-24
22800,2012-06-25
22800,2012-06-25
22800,2012-06-27
22800,2012-06-28
22000,2012-06-29
22000,2012-06-30
22000,2012-07-01
22000,2012-07-02
22000,2012-07-03
21600,2012-07-04
21600,2012-07-05
20600,2012-07-06
21600,2012-07-07
21600,2012-07-08
21600,2012-07-09
21600,2012-07-10
24000,2012-07-11
24600,2012-07-12
24600,2012-07-13
24600,2012-07-14
25000,2012-07-15
25000,2012-07-16
25000,2012-07-17
23800,2012-07-18
23800,2012-07-19
23800,2012-07-20
21800,2012-07-21
21800,2012-07-22
21800,2012-07-23
21800,2012-07-24
21000,2012-07-25
22000,2012-07-26
22000,2012-07-27
22000,2012-07-28
22000,2012-07-29
22000,2012-07-30
22000,2012-07-31
20600,2012-08-01
20600,2012-08-02
20600,2012-08-03
20600,2012-08-04
20600,2012-08-05
20600,2012-08-06
20600,2012-08-07
21400,2012-08-08
21200,2012-08-09
21200,2012-08-10
21200,2012-08-11
21200,2012-08-12
21200,2012-08-13
21200,2012-08-14
21400,2012-08-15
21400,2012-08-16
21400,2012-08-17
22400,2012-08-18
22400,2012-08-19
21400,2012-08-20
21400,2012-08-20
21400,2012-08-20
21400,2012-08-23
21400,2012-08-24
21400,2012-08-25
21400,2012-08-26
21400,2012-08-27
21400,2012-08-28
21400,2012-08-29
21400,2012-08-30
21400,2012-08-31
19600,2012-09-01
18600,2012-09-02
18600,2012-09-03
18600,2012-09-04
18600,2012-09-05
18600,2012-09-06
19600,2012-09-07
19600,2012-09-08
19600,2012-09-09
19600,2012-09-10
19600,2012-09-11
19600,2012-09-11
19600,2012-09-11
19600,2012-09-11
19600,2012-09-11
19600,2012-09-11
19600,2012-09-11
19600,2012-09-11
19600,2012-09-11
19600,2012-09-11
19600,2012-09-11
19600,2012-09-11
19600,2012-09-11
19600,2012-09-11
19600,2012-09-11
19600,2012-09-11
19600,2012-09-11
19600,2012-09-11
19600,2012-09-11
19600,2012-09-11
19600,2012-09-11
19600,2012-09-11
19600,2012-09-11
19600,2012-09-11
19600,2012-09-11
19600,2012-09-11
19600,2012-09-11
19600,2012-09-11
19600,2012-09-11
19600,2012-09-11
19600,2012-09-11
19600,2012-09-11
19600,2012-09-11
19600,2012-09-11
19600,2012-09-11
19600,2012-09-11
19600,2012-09-11
19600,2012-09-11
19600,2012-09-11
19600,2012-09-11
19600,2012-09-11
19600,2012-09-11
19600,2012-09-11
19600,2012-09-11
19600,2012-09-11
19600,2012-09-11
19600,2012-09-11
19600,2012-09-11
19600,2012-09-11
19600,2012-09-11
19600,2012-09-11
19600,2012-09-11
19600,2012-09-11
19600,2012-09-11
19600,2012-09-11
19600,2012-09-11
19600,2012-09-11
19600,2012-09-11
19600,2012-09-11
19600,2012-09-11
19600,2012-09-11
19600,2012-09-11
19600,2012-09-11
19600,2012-09-11
19600,2012-09-11
19600,2012-09-11
19600,2012-09-11
19600,2012-09-11
19600,2012-09-11
19600,2012-09-11
19600,2012-09-11
19600,2012-09-11
19600,2012-09-11
19600,2012-09-11
19600,2012-09-11
19600,2012-09-11
19600,2012-09-11
19600,2012-09-11
19600,2012-09-11
19600,2012-09-11
19600,2012-09-11
19600,2012-09-11
19600,2012-09-11
19600,2012-09-11
19600,2012-09-11
19600,2012-09-11
19600,2012-09-11
19600,2012-09-11
19600,2012-09-11
19600,2012-09-11
19600,2012-09-11
19600,2012-09-11
19600,2012-09-11
19600,2012-09-11
19600,2012-09-11
19600,2012-09-11
19600,2012-09-11
19600,2012-09-11
19600,2012-09-11
19600,2012-09-11
19600,2012-09-11
19600,2012-09-11
19600,2012-09-11
19600,2012-09-11
19600,2012-09-11
19600,2012-09-11
19600,2012-09-11
19600,2012-09-11
19600,2012-09-11
19600,2012-09-11
19600,2012-09-11
19600,2012-09-11
19600,2012-09-11
19600,2012-09-11
18600,2013-01-03
19200,2013-01-04
19200,2013-01-05
19200,2013-01-06
19200,2013-01-07
19200,2013-01-08
27000,2013-01-09
27000,2013-01-10
25400,2013-01-11
26000,2013-01-12
26000,2013-01-13
26000,2013-01-14
26000,2013-01-15
28000,2013-01-16
29000,2013-01-17
30000,2013-01-18
31600,2013-01-19
30000,2013-01-20
31600,2013-01-21
31600,2013-01-22
30600,2013-01-23
30600,2013-01-24
30600,2013-01-25
30600,2013-01-26
34000,2013-01-27
34000,2013-01-28
34000,2013-01-29
34400,2013-01-30
34400,2013-01-31
34400,2013-02-01
34400,2013-02-02
33400,2013-02-03
33400,2013-02-04
33400,2013-02-05
31800,2013-02-06
31800,2013-02-07
31800,2013-02-08
29800,2013-02-09
29800,2013-02-10
29800,2013-02-11
29800,2013-02-12
29800,2013-02-13
29800,2013-02-14
29800,2013-02-15
29800,2013-02-16
29800,2013-02-17
29800,2013-02-18
29800,2013-02-19
34400,2013-02-20
34400,2013-02-21
34400,2013-02-22
33400,2013-02-23
33400,2013-02-24
33400,2013-02-25
33400,2013-02-26
33400,2013-02-27
33400,2013-02-28
34400,2013-03-01
34400,2013-03-02
34400,2013-03-03
34400,2013-03-04
34400,2013-03-05
38000,2013-03-06
38000,2013-03-07
38000,2013-03-08
39000,2013-03-09
39000,2013-03-10
39000,2013-03-11
39000,2013-03-12
46000,2013-03-13
48400,2013-03-14
48400,2013-03-15
47000,2013-03-16
47000,2013-03-17
47000,2013-03-18
47000,2013-03-19
47000,2013-03-20
46000,2013-03-21
46000,2013-03-22
46000,2013-03-23
46000,2013-03-24
46000,2013-03-25
46000,2013-03-26
46000,2013-03-27
33400,2013-03-28
47000,2013-03-29
34400,2013-03-30
50000,2013-03-31
50000,2013-04-01
50000,2013-04-02
50000,2013-04-02
50000,2013-04-02
44000,2013-04-05
44000,2013-04-06
45000,2013-04-07
45000,2013-04-08
44600,2013-04-09
44600,2013-04-10
44600,2013-04-11
44600,2013-04-12
43600,2013-04-13
43600,2013-04-14
43600,2013-04-15
43600,2013-04-16
43600,2013-04-17
43600,2013-04-18
43600,2013-04-19
43600,2013-04-20
43000,2013-04-21
43600,2013-04-22
43600,2013-04-23
43600,2013-04-24
41000,2013-04-25
41000,2013-04-26
41000,2013-04-27
38167,2013-04-28
41000,2013-04-29
41000,2013-04-30
31000,2013-05-01
27000,2013-05-02
27000,2013-05-03
27000,2013-05-04
27167,2013-05-05
27000,2013-05-06
27000,2013-05-07
27000,2013-05-08
26000,2013-05-09
26000,2013-05-10
26000,2013-05-11
21833,2013-05-12
23000,2013-05-13
23000,2013-05-14
23000,2013-05-15
23000,2013-05-16
23000,2013-05-17
23000,2013-05-18
21000,2013-05-19
22000,2013-05-20
22000,2013-05-21
22000,2013-05-22
22000,2013-05-23
24000,2013-05-24
26200,2013-05-25
25167,2013-05-26
26200,2013-05-27
26200,2013-05-28
29000,2013-05-29
29000,2013-05-30
29000,2013-05-31
33000,2013-06-01
32500,2013-06-02
33000,2013-06-03
33000,2013-06-04
30800,2013-06-05
28800,2013-06-06
27800,2013-06-07
27800,2013-06-08
27167,2013-06-09
27800,2013-06-10
27800,2013-06-11
28800,2013-06-12
28800,2013-06-13
29000,2013-06-14
29000,2013-06-15
29167,2013-06-16
29000,2013-06-17
29000,2013-06-18
30000,2013-06-19
30800,2013-06-20
30800,2013-06-21
30800,2013-06-22
30667,2013-06-23
30800,2013-06-24
35000,2013-06-25
35000,2013-06-26
35000,2013-06-27
35000,2013-06-28
35000,2013-06-29
35500,2013-06-30
35000,2013-07-01
35000,2013-07-02
59400,2013-07-03
59400,2013-07-04
59400,2013-07-05
59400,2013-07-06
56167,2013-07-07
59400,2013-07-08
59400,2013-07-09
66000,2013-07-10
66000,2013-07-11
76000,2013-07-12
76000,2013-07-13
91333,2013-07-14
100000,2013-07-15
100000,2013-07-16
66000,2013-07-17
66000,2013-07-18
79000,2013-07-19
79000,2013-07-20
79167,2013-07-21
79000,2013-07-22
79000,2013-07-23
79000,2013-07-24
79000,2013-07-25
79000,2013-07-26
79000,2013-07-27
74167,2013-07-28
79000,2013-07-29
79000,2013-07-30
79000,2013-07-31
66000,2013-08-01
66000,2013-08-02
66000,2013-08-03
60500,2013-08-04
77600,2013-08-05
77600,2013-08-06
77600,2013-08-07
79000,2013-08-08
79000,2013-08-09
79000,2013-08-09
71667,2013-08-11
78000,2013-08-12
76000,2013-08-13
76000,2013-08-14
76000,2013-08-15
44000,2013-08-16
44000,2013-08-17
50000,2013-08-18
44000,2013-08-19
44000,2013-08-20
46000,2013-08-21
50000,2013-08-22
50000,2013-08-23
55000,2013-08-24
48333,2013-08-25
48000,2013-08-26
48000,2013-08-27
48000,2013-08-28
50000,2013-08-29
50000,2013-08-30
56000,2013-08-31
54167,2013-09-01
56000,2013-09-02
56000,2013-09-03
52000,2013-09-04
52000,2013-09-04
52000,2013-09-04
52000,2013-09-04
40000,2013-09-08
40000,2013-09-08
40000,2013-09-08
43000,2013-09-11
39000,2013-09-12
39000,2013-09-12
43000,2013-09-14
40500,2013-09-15
40500,2013-09-15
40500,2013-09-15
42000,2013-09-18
42000,2013-09-19
42000,2013-09-20
42000,2013-09-20
25000,2013-09-22
25000,2013-09-22
25000,2013-09-22
25000,2013-09-22
37000,2013-09-26
34000,2013-09-27
34000,2013-09-28
30500,2013-09-29
30500,2013-09-29
30500,2013-09-29
32000,2013-10-02
32000,2013-10-03
32000,2013-10-04
32000,2013-10-05
33333,2013-10-06
33333,2013-10-06
33333,2013-10-06
42000,2013-10-09
42000,2013-10-10
42000,2013-10-11
42000,2013-10-12
41667,2013-10-13
41667,2013-10-13
41667,2013-10-13
41667,2013-10-13
41667,2013-10-13
48750,2013-10-18
47000,2013-10-19
45833,2013-10-20
45833,2013-10-20
45833,2013-10-20
47000,2013-10-23
44000,2013-10-24
43000,2013-10-25
43000,2013-10-26
40833,2013-10-27
40833,2013-10-27
40833,2013-10-27
43000,2013-10-30
41000,2013-10-31
41000,2013-11-01
40000,2013-11-02
38833,2013-11-03
38833,2013-11-03
38833,2013-11-03
33600,2013-11-06
32600,2013-11-07
32600,2013-11-08
32600,2013-11-09
32167,2013-11-10
32167,2013-11-10
32167,2013-11-10
28600,2013-11-13
28600,2013-11-14
28600,2013-11-15
28600,2013-11-16
27167,2013-11-17
27167,2013-11-17
27167,2013-11-17
27000,2013-11-20
27000,2013-11-21
27000,2013-11-22
27000,2013-11-23
25833,2013-11-24
25833,2013-11-24
25833,2013-11-24
26600,2013-11-27
26600,2013-11-28
26600,2013-11-29
24600,2013-11-30
24167,2013-12-01
24167,2013-12-01
24167,2013-12-01
22800,2013-12-04
22800,2013-12-05
22800,2013-12-06
22800,2013-12-07
23000,2013-12-08
23000,2013-12-08
23000,2013-12-08
22800,2013-12-11
22800,2013-12-12
22800,2013-12-13
22500,2013-12-14
23333,2013-12-15
23333,2013-12-15
23333,2013-12-15
30600,2013-12-18
29000,2013-12-19
29000,2013-12-20
28600,2013-12-21
29500,2013-12-22
29500,2013-12-22
29500,2013-12-22
36600,2013-12-25
38600,2013-12-26
38600,2013-12-26
38600,2013-12-26
36167,2013-12-29
36167,2013-12-29
36167,2013-12-29
38250,2014-01-01
39000,2014-01-02
39000,2014-01-02
38600,2014-01-04
36167,2014-01-05
36167,2014-01-05
36167,2014-01-05
38600,2014-01-08
38600,2014-01-09
38600,2014-01-10
38600,2014-01-11
36833,2014-01-12
36833,2014-01-12
36833,2014-01-12
38600,2014-01-15
38600,2014-01-15
38600,2014-01-17
38600,2014-01-18
38500,2014-01-19
38500,2014-01-19
38500,2014-01-19
38600,2014-01-22
38600,2014-01-23
38600,2014-01-24
38600,2014-01-25
35833,2014-01-26
35833,2014-01-26
35833,2014-01-26
36600,2014-01-29
36600,2014-01-30
38600,2014-01-31
38600,2014-01-31
40000,2014-02-02
40000,2014-02-02
38600,2014-02-04
54000,2014-02-05
54000,2014-02-06
54000,2014-02-07
54000,2014-02-08
52500,2014-02-09
52500,2014-02-09
52500,2014-02-09
52000,2014-02-12
49000,2014-02-13
49000,2014-02-14
49000,2014-02-15
46833,2014-02-16
46833,2014-02-16
46833,2014-02-16
49000,2014-02-19
49000,2014-02-20
49000,2014-02-21
49000,2014-02-22
47833,2014-02-23
47833,2014-02-23
47833,2014-02-23
49000,2014-02-26
49000,2014-02-27
59000,2014-02-28
59000,2014-03-01
60000,2014-03-02
60000,2014-03-02
60000,2014-03-02
69000,2014-03-05
69000,2014-03-06
69000,2014-03-07
71000,2014-03-08
61833,2014-03-09
61833,2014-03-09
61833,2014-03-09
67000,2014-03-12
67000,2014-03-13
67000,2014-03-14
67000,2014-03-15
61667,2014-03-16
61667,2014-03-16
61667,2014-03-16
63000,2014-03-19
63000,2014-03-20
63000,2014-03-21
63000,2014-03-22
59833,2014-03-23
59833,2014-03-23
59833,2014-03-23
72000,2014-03-26
72000,2014-03-27
72000,2014-03-28
72000,2014-03-29
66000,2014-03-30
66000,2014-03-30
38600,2014-04-01
40000,2014-04-02
76000,2014-04-03
76000,2014-04-04
76000,2014-04-05
69667,2014-04-06
69667,2014-04-06
69667,2014-04-06
79000,2014-04-09
79000,2014-04-10
79000,2014-04-10
79000,2014-04-12
70833,2014-04-13
70833,2014-04-13
70833,2014-04-13
66000,2014-04-16
66000,2014-04-17
66000,2014-04-18
66000,2014-04-19
30000,2014-04-20
30000,2014-04-20
30000,2014-04-20
66000,2014-04-23
62000,2014-04-24
62000,2014-04-25
58000,2014-04-26
50333,2014-04-27
50333,2014-04-27
50333,2014-04-27
31600,2014-04-30
31600,2014-05-01
31600,2014-05-02
31600,2014-05-02
28333,2014-05-04
28333,2014-05-04
28333,2014-05-04
29000,2014-05-07
29000,2014-05-08
29000,2014-05-09
29000,2014-05-10
14000,2014-05-11
14000,2014-05-11
14000,2014-05-11
14000,2014-05-11
14000,2014-05-11
14000,2014-05-11
14000,2014-05-11
14000,2014-05-18
14000,2014-05-18
14000,2014-05-18
14000,2014-05-18
14000,2014-05-18
14000,2014-05-18
14000,2014-05-18
14000,2014-05-25
14000,2014-05-25
14000,2014-05-25
14000,2014-05-25
14000,2014-05-25
14000,2014-05-25
14000,2014-05-25
14000,2014-05-25
14000,2014-05-25
14000,2014-05-25
14000,2014-05-25
14000,2014-05-25
14000,2014-05-25
14000,2014-05-25
16000,2014-06-08
16000,2014-06-08
16000,2014-06-08
16000,2014-06-08
16000,2014-06-08
16000,2014-06-08
16000,2014-06-08
12000,2014-06-15
12000,2014-06-15
12000,2014-06-15
12000,2014-06-15
12000,2014-06-15
12000,2014-06-15
12000,2014-06-15
12000,2014-06-22
12000,2014-06-22
12000,2014-06-22
12000,2014-06-22
12000,2014-06-22
12000,2014-06-22
20400,2014-06-28
12000,2014-06-29
12000,2014-06-29
12000,2014-06-29
20400,2014-07-02
20000,2014-07-03
20000,2014-07-04
20000,2014-07-05
19000,2014-07-06
19000,2014-07-06
19000,2014-07-06
19000,2014-07-09
19000,2014-07-10
19000,2014-07-10
19000,2014-07-12
18167,2014-07-13
18167,2014-07-13
18167,2014-07-13
19000,2014-07-16
19000,2014-07-17
19000,2014-07-18
19000,2014-07-19
18000,2014-07-20
18000,2014-07-20
18000,2014-07-20
19600,2014-07-23
26200,2014-07-24
28200,2014-07-25
28200,2014-07-26
25667,2014-07-27
25667,2014-07-27
25667,2014-07-27
25667,2014-07-27
25667,2014-07-27
25667,2014-07-27
25667,2014-07-27
16000,2014-08-03
16000,2014-08-03
16000,2014-08-03
28600,2014-08-06
25200,2014-08-07
24600,2014-08-08
24600,2014-08-09
24167,2014-08-10
24167,2014-08-10
24167,2014-08-10
24600,2014-08-13
24600,2014-08-14
24600,2014-08-15
24600,2014-08-15
16000,2014-08-17
16000,2014-08-17
16000,2014-08-17
16000,2014-08-17
16000,2014-08-17
16000,2014-08-17
16000,2014-08-17
12000,2014-08-24
12000,2014-08-24
12000,2014-08-24
33600,2014-08-27
33600,2014-08-28
33600,2014-08-29
30000,2014-08-30
27000,2014-08-31
27000,2014-08-31
27000,2014-08-31
27200,2014-09-03
26600,2014-09-04
26600,2014-09-05
27600,2014-09-06
25500,2014-09-07
20000,2014-09-08
20000,2014-09-09
26600,2014-09-10
26600,2014-09-11
26600,2014-09-12
27600,2014-09-13
25333,2014-09-14
20000,2014-09-15
20000,2014-09-16
19400,2014-09-17
19400,2014-09-18
19400,2014-09-19
19400,2014-09-20
18167,2014-09-21
20000,2014-09-22
20000,2014-09-23
19400,2014-09-24
19400,2014-09-25
19400,2014-09-26
19400,2014-09-27
18833,2014-09-28
25000,2014-09-29
25000,2014-09-30
20400,2014-10-01
23400,2014-10-02
23400,2014-10-03
19250,2014-10-04
19400,2014-10-05
19400,2014-10-05
19400,2014-10-05
19250,2014-10-08
19250,2014-10-09
19250,2014-10-10
19250,2014-10-11
20000,2014-10-12
20000,2014-10-12
20000,2014-10-12
19250,2014-10-15
19250,2014-10-16
19250,2014-10-17
19250,2014-10-18
20200,2014-10-19
20200,2014-10-19
20200,2014-10-19
19250,2014-10-22
19250,2014-10-23
19250,2014-10-24
19250,2014-10-25
20400,2014-10-26
20400,2014-10-26
20400,2014-10-26
21750,2014-10-29
22500,2014-10-30
22500,2014-10-31
38750,2014-11-01
36000,2014-11-02
40000,2014-11-03
40000,2014-11-04
39167,2014-11-05
39167,2014-11-06
39167,2014-11-07
40000,2014-11-08
36333,2014-11-09
36333,2014-11-09
36333,2014-11-09
59000,2014-11-12
59000,2014-11-13
59000,2014-11-14
59000,2014-11-15
45000,2014-11-16
45000,2014-11-16
45000,2014-11-16
45000,2014-11-16
45000,2014-11-16
45000,2014-11-16
45000,2014-11-16
60000,2014-11-23
60000,2014-11-23
60000,2014-11-23
60000,2014-11-23
60000,2014-11-23
60000,2014-11-23
60000,2014-11-23
60000,2014-11-23
60000,2014-11-23
60000,2014-11-23
77800,2014-12-03
77800,2014-12-04
76500,2014-12-05
98000,2014-12-06
97000,2014-12-07
97000,2014-12-08
97000,2014-12-09
97000,2014-12-10
97000,2014-12-11
92500,2014-12-12
97000,2014-12-13
96250,2014-12-14
96250,2014-12-14
96250,2014-12-14
90000,2014-12-17
90000,2014-12-18
81667,2014-12-19
90000,2014-12-20
90000,2014-12-21
90000,2014-12-21
90000,2014-12-21
90000,2014-12-24
90000,2014-12-25
80000,2014-12-26
80000,2014-12-26
80000,2014-12-26
80000,2014-12-26
80000,2014-12-26
80000,2014-12-26
80000,2014-12-26
30000,2015-01-02
30000,2015-01-02
30000,2015-01-02
30000,2015-01-02
30000,2015-01-02
110000,2015-01-07
110000,2015-01-08
96667,2015-01-09
100000,2015-01-10
98000,2015-01-11
98000,2015-01-11
98000,2015-01-11
98000,2015-01-11
98000,2015-01-11
86667,2015-01-16
98000,2015-01-17
98000,2015-01-17
98000,2015-01-17
98000,2015-01-17
64000,2015-01-21
64000,2015-01-22
56333,2015-01-23
64000,2015-01-24
62500,2015-01-25
62500,2015-01-25
62500,2015-01-25
60000,2015-01-28
60000,2015-01-28
18000,2015-01-30
18000,2015-01-30
18000,2015-01-30
18000,2015-01-30
18000,2015-01-30
37300,2015-02-04
43800,2015-02-05
39500,2015-02-06
46000,2015-02-07
43800,2015-02-08
43800,2015-02-08
43800,2015-02-08
40800,2015-02-11
40800,2015-02-12
20000,2015-02-13
40800,2015-02-14
40800,2015-02-15
40800,2015-02-15
40800,2015-02-15
30600,2015-02-18
30600,2015-02-19
29000,2015-02-20
29500,2015-02-21
30600,2015-02-22
30600,2015-02-22
30600,2015-02-22
28200,2015-02-25
29200,2015-02-26
26500,2015-02-27
28200,2015-02-28
29333,2015-03-01
35400,2015-03-02
35500,2015-03-03
35400,2015-03-04
36250,2015-03-05
20000,2015-03-06
20000,2015-03-06
20000,2015-03-06
34250,2015-03-09
50400,2015-03-10
50400,2015-03-11
51750,2015-03-12
45333,2015-03-13
45333,2015-03-13
45333,2015-03-13
53333,2015-03-16
50400,2015-03-17
51750,2015-03-18
51750,2015-03-18
45000,2015-03-20
45000,2015-03-20
45000,2015-03-20
49400,2015-03-23
49400,2015-03-24
49250,2015-03-25
49400,2015-03-26
43833,2015-03-27
43833,2015-03-27
43833,2015-03-27
38600,2015-03-30
38600,2015-03-31
38320,2015-04-01
47400,2015-04-02
28000,2015-04-03
28000,2015-04-03
30000,2015-04-05
33000,2015-04-06
33000,2015-04-07
33000,2015-04-08
33000,2015-04-09
30167,2015-04-10
30167,2015-04-10
30167,2015-04-10
33000,2015-04-13
33000,2015-04-14
32000,2015-04-15
31600,2015-04-16
29000,2015-04-17
29000,2015-04-17
29000,2015-04-17
29600,2015-04-20
27600,2015-04-21
28600,2015-04-22
27600,2015-04-23
26333,2015-04-24
26333,2015-04-24
26333,2015-04-24
26600,2015-04-27
26600,2015-04-28
26600,2015-04-29
26600,2015-04-30
20000,2015-05-01
20000,2015-05-01
20000,2015-05-01
29600,2015-05-04
27600,2015-05-05
27600,2015-05-06
28600,2015-05-07
27500,2015-05-08
27500,2015-05-08
27500,2015-05-08
36400,2015-05-11
32800,2015-05-12
34400,2015-05-13
34400,2015-05-13
32000,2015-05-15
32000,2015-05-15
32000,2015-05-15
32000,2015-05-18
32000,2015-05-19
32000,2015-05-20
32000,2015-05-21
30667,2015-05-22
30667,2015-05-22
30667,2015-05-22
30000,2015-05-25
30000,2015-05-26
29000,2015-05-27
29000,2015-05-28
28167,2015-05-29
28167,2015-05-29
28167,2015-05-29
30200,2015-06-01
30200,2015-06-01
30200,2015-06-03
30200,2015-06-04
29167,2015-06-05
29167,2015-06-05
29167,2015-06-05
30200,2015-06-08
30200,2015-06-09
30200,2015-06-10
29200,2015-06-11
28333,2015-06-12
28333,2015-06-12
28333,2015-06-12
29200,2015-06-15
29200,2015-06-16
29200,2015-06-17
31200,2015-06-18
30167,2015-06-19
30167,2015-06-19
30167,2015-06-19
35000,2015-06-22
35000,2015-06-23
35000,2015-06-24
35000,2015-06-25
27333,2015-06-26
27333,2015-06-26
27333,2015-06-26
29600,2015-06-29
29600,2015-06-30
29600,2015-07-01
29600,2015-07-02
27667,2015-07-03
27667,2015-07-03
27667,2015-07-03
30600,2015-07-06
30600,2015-07-07
31800,2015-07-08
31800,2015-07-09
36000,2015-07-10
36000,2015-07-10
36000,2015-07-10
44000,2015-07-13
44000,2015-07-14
44000,2015-07-15
44000,2015-07-15
40000,2015-07-17
40000,2015-07-17
40000,2015-07-17
40000,2015-07-17
40000,2015-07-17
83000,2015-07-22
83000,2015-07-23
75167,2015-07-24
75167,2015-07-24
75167,2015-07-24
63000,2015-07-27
65000,2015-07-28
65000,2015-07-29
46000,2015-07-30
61667,2015-07-31
61667,2015-07-31
61667,2015-07-31
69000,2015-08-03
69000,2015-08-04
72000,2015-08-05
72000,2015-08-06
67500,2015-08-07
67500,2015-08-07
67500,2015-08-07
83000,2015-08-10
83000,2015-08-11
83000,2015-08-12
79000,2015-08-13
74167,2015-08-14
74167,2015-08-14
74167,2015-08-14
74167,2015-08-14
84000,2015-08-18
84000,2015-08-19
84000,2015-08-20
78333,2015-08-21
78333,2015-08-21
78333,2015-08-21
75000,2015-08-24
75000,2015-08-25
75000,2015-08-26
75000,2015-08-27
70833,2015-08-28
70833,2015-08-28
70833,2015-08-28
75000,2015-08-31
75000,2015-09-01
75000,2015-09-02
75000,2015-09-03
67167,2015-09-04
67167,2015-09-04
67167,2015-09-04
75000,2015-09-07
75000,2015-09-08
79000,2015-09-09
79000,2015-09-10
73333,2015-09-11
73333,2015-09-11
73333,2015-09-11
67400,2015-09-14
63400,2015-09-15
67400,2015-09-16
50000,2015-09-17
49167,2015-09-18
49167,2015-09-18
49167,2015-09-18
50000,2015-09-21
50000,2015-09-22
51000,2015-09-23
51000,2015-09-23
45000,2015-09-25
45000,2015-09-25
45000,2015-09-25
51000,2015-09-28
51000,2015-09-29
51000,2015-09-30
51000,2015-10-01
46000,2015-10-02
46000,2015-10-02
46000,2015-10-02
32600,2015-10-05
32600,2015-10-06
32600,2015-10-07
31000,2015-10-08
30500,2015-10-09
30500,2015-10-09
30500,2015-10-09
30600,2015-10-12
30600,2015-10-13
30600,2015-10-13
29000,2015-10-15
27167,2015-10-16
27167,2015-10-16
27167,2015-10-16
28250,2015-10-19
28600,2015-10-20
28600,2015-10-21
28600,2015-10-22
25400,2015-10-23
25400,2015-10-23
25400,2015-10-23
19600,2015-10-26
19600,2015-10-27
20,2015-10-28
19200,2015-10-29
18667,2015-10-30
18667,2015-10-30
18667,2015-10-30
19600,2015-11-02
19600,2015-11-03
16750,2015-11-04
17400,2015-11-05
17571,2015-11-06
17571,2015-11-06
17571,2015-11-06
19600,2015-11-09
19600,2015-11-10
19600,2015-11-11
19600,2015-11-12
19714,2015-11-13
19714,2015-11-13
19714,2015-11-13
23200,2015-11-16
23200,2015-11-17
23200,2015-11-18
23200,2015-11-19
22286,2015-11-20
22286,2015-11-20
22286,2015-11-20
28000,2015-11-23
27500,2015-11-24
27000,2015-11-25
27000,2015-11-26
27455,2015-11-27
27455,2015-11-27
27455,2015-11-27
29400,2015-11-30
29400,2015-12-01
29400,2015-12-02
29400,2015-12-03
32500,2015-12-04
32500,2015-12-04
32500,2015-12-04
29500,2015-12-07
29600,2015-12-08
29600,2015-12-08
29600,2015-12-10
30500,2015-12-11
30500,2015-12-11
30500,2015-12-11
29400,2015-12-14
29400,2015-12-15
33400,2015-12-16
29250,2015-12-17
30333,2015-12-18
30333,2015-12-18
30333,2015-12-18
30000,2015-12-21
29400,2015-12-22
33000,2015-12-23
33000,2015-12-23
24000,2015-12-25
24000,2015-12-25
24000,2015-12-25
49000,2015-12-28
47500,2015-12-29
48750,2015-12-30
49000,2015-12-31
24000,2016-01-01
24000,2016-01-01
24000,2016-01-01
49000,2016-01-04
49000,2016-01-05
48889,2016-01-06
48750,2016-01-07
45167,2016-01-08
45167,2016-01-08
45167,2016-01-08
41600,2016-01-11
41600,2016-01-12
41600,2016-01-13
41600,2016-01-13
38667,2016-01-15
38667,2016-01-15
38667,2016-01-15
47000,2016-01-18
47000,2016-01-19
46000,2016-01-20
46000,2016-01-21
39600,2016-01-22
39600,2016-01-22
39600,2016-01-22
39000,2016-01-25
39000,2016-01-26
39000,2016-01-27
38750,2016-01-28
35500,2016-01-29
35500,2016-01-29
35500,2016-01-29
35500,2016-01-29
34400,2016-02-02
29000,2016-02-03
29000,2016-02-04
26571,2016-02-05
29000,2016-02-06
29000,2016-02-06
29000,2016-02-06
37000,2016-02-09
27000,2016-02-10
27000,2016-02-11
25571,2016-02-12
25571,2016-02-12
25571,2016-02-12
29000,2016-02-15
29000,2016-02-16
28750,2016-02-17
28750,2016-02-18
23333,2016-02-19
23333,2016-02-19
23333,2016-02-19
29000,2016-02-22
25000,2016-02-23
30000,2016-02-24
28333,2016-02-25
27333,2016-02-26
27333,2016-02-26
27333,2016-02-26
65000,2016-02-29
57000,2016-03-01
67000,2016-03-02
37000,2016-03-03
61500,2016-03-04
61000,2016-03-05
61000,2016-03-06
57000,2016-03-07
61000,2016-03-08
65000,2016-03-09
57000,2016-03-10
52833,2016-03-11
52833,2016-03-11
52833,2016-03-11
60000,2016-03-14
60000,2016-03-15
61000,2016-03-16
61000,2016-03-17
50000,2016-03-18
50000,2016-03-18
60000,2016-03-20
67000,2016-03-21
66250,2016-03-22
67000,2016-03-23
67000,2016-03-24
36000,2016-03-25
36000,2016-03-25
36000,2016-03-25
65000,2016-03-28
65000,2016-03-29
65000,2016-03-29
50000,2016-03-31
48333,2016-04-01
42000,2016-04-02
42000,2016-04-02
50833,2016-04-04
58000,2016-04-05
54000,2016-04-06
54000,2016-04-07
50000,2016-04-08
50000,2016-04-08
50000,2016-04-08
34400,2016-04-11
42000,2016-04-12
39000,2016-04-13
41000,2016-04-14
37833,2016-04-15
37833,2016-04-15
37833,2016-04-15
33000,2016-04-18
35000,2016-04-19
34000,2016-04-20
36000,2016-04-21
30000,2016-04-22
34000,2016-04-23
34000,2016-04-23
23400,2016-04-25
23400,2016-04-26
23400,2016-04-27
24400,2016-04-28
24167,2016-04-29
24167,2016-04-29
24167,2016-04-29
26750,2016-05-02
28800,2016-05-03
28235,2016-05-04
27429,2016-05-05
20000,2016-05-06
20000,2016-05-06
20000,2016-05-06
28400,2016-05-09
28318,2016-05-10
28262,2016-05-11
28397,2016-05-12
27615,2016-05-13
27500,2016-05-14
27500,2016-05-14
27000,2016-05-16
26875,2016-05-17
26875,2016-05-17
27000,2016-05-19
26731,2016-05-20
26731,2016-05-20
26731,2016-05-20
27667,2016-05-23
27636,2016-05-24
27667,2016-05-25
27600,2016-05-26
26667,2016-05-27
26667,2016-05-27
26667,2016-05-27
27600,2016-05-30
29600,2016-05-31
34750,2016-06-01
33800,2016-06-02
33000,2016-06-03
33000,2016-06-03
33000,2016-06-03
38400,2016-06-06
38400,2016-06-06
38400,2016-06-06
38400,2016-06-09
36000,2016-06-10
36000,2016-06-10
36000,2016-06-10
36400,2016-06-13
36400,2016-06-14
36400,2016-06-15
36400,2016-06-16
34333,2016-06-17
34333,2016-06-17
34333,2016-06-17
29400,2016-06-20
29400,2016-06-21
29400,2016-06-22
29400,2016-06-23
30667,2016-06-24
30667,2016-06-24
30667,2016-06-24
32400,2016-06-27
36400,2016-06-28
36400,2016-06-29
37200,2016-06-30
34200,2016-07-01
34200,2016-07-01
34200,2016-07-01
34200,2016-07-01
34200,2016-07-01
34200,2016-07-01
34200,2016-07-01
18000,2016-07-08
18000,2016-07-08
18000,2016-07-08
57000,2016-07-11
51250,2016-07-12
53000,2016-07-13
57000,2016-07-14
50500,2016-07-15
50500,2016-07-15
50500,2016-07-15
45600,2016-07-18
45600,2016-07-19
45600,2016-07-20
45600,2016-07-21
40667,2016-07-22
40667,2016-07-22
40667,2016-07-22
40667,2016-07-22
51600,2016-07-26
53600,2016-07-27
53600,2016-07-28
26000,2016-07-29
26000,2016-07-29
53600,2016-07-31
58200,2016-08-01
58750,2016-08-02
59500,2016-08-03
58750,2016-08-04
52833,2016-08-05
52833,2016-08-05
52833,2016-08-05
56000,2016-08-08
56000,2016-08-09
56000,2016-08-10
55000,2016-08-11
55000,2016-08-12
55000,2016-08-12
55000,2016-08-12
58000,2016-08-15
58000,2016-08-16
58000,2016-08-16
58000,2016-08-18
58000,2016-08-19
58000,2016-08-19
58000,2016-08-19
58000,2016-08-22
58000,2016-08-22
58000,2016-08-24
58000,2016-08-25
58000,2016-08-26
58000,2016-08-26
58000,2016-08-26
48750,2016-08-29
49000,2016-08-30
49000,2016-08-31
49000,2016-09-01
49000,2016-09-02
49000,2016-09-02
49000,2016-09-02
58000,2016-09-05
58000,2016-09-06
57500,2016-09-07
58000,2016-09-08
58000,2016-09-09
58000,2016-09-09
58000,2016-09-09
58000,2016-09-09
48000,2016-09-13
48000,2016-09-14
48000,2016-09-15
48000,2016-09-16
48000,2016-09-16
48000,2016-09-16
46000,2016-09-19
46000,2016-09-19
46000,2016-09-21
45000,2016-09-22
46000,2016-09-23
46000,2016-09-23
46000,2016-09-23
46000,2016-09-26
46000,2016-09-27
46000,2016-09-28
46000,2016-09-28
46000,2016-09-30
46000,2016-09-30
46000,2016-09-30
43000,2016-10-03
42500,2016-10-04
41250,2016-10-05
42000,2016-10-06
42000,2016-10-07
42000,2016-10-07
42000,2016-10-07
32200,2016-10-10
32200,2016-10-11
32200,2016-10-12
32200,2016-10-13
32750,2016-10-14
32750,2016-10-14
32750,2016-10-14
42000,2016-10-17
42000,2016-10-18
45000,2016-10-19
42000,2016-10-20
42000,2016-10-20
42000,2016-10-20
42000,2016-10-20
40000,2016-10-24
42000,2016-10-25
42000,2016-10-25
42500,2016-10-27
42500,2016-10-27
42500,2016-10-27
42500,2016-10-27
42500,2016-10-27
42500,2016-10-27
43600,2016-11-02
43600,2016-11-02
43600,2016-11-04
43600,2016-11-04
43600,2016-11-04
57600,2016-11-07
57600,2016-11-07
57600,2016-11-09
76250,2016-11-10
75000,2016-11-11
75000,2016-11-11
75000,2016-11-11
70000,2016-11-14
70000,2016-11-15
70000,2016-11-16
69000,2016-11-17
70000,2016-11-18
70000,2016-11-18
70000,2016-11-18
70000,2016-11-21
70000,2016-11-22
70000,2016-11-23
70000,2016-11-24
71250,2016-11-25
71250,2016-11-25
71250,2016-11-25
52000,2016-11-28
52000,2016-11-29
52000,2016-11-30
52000,2016-12-01
52000,2016-12-02
52000,2016-12-02
52000,2016-12-02
52000,2016-12-05
52000,2016-12-06
52000,2016-12-07
52500,2016-12-08
52000,2016-12-09
52000,2016-12-09
52000,2016-12-09
52000,2016-12-09
52000,2016-12-09
85000,2016-12-14
85000,2016-12-15
85000,2016-12-15
85000,2016-12-15
85000,2016-12-18
82500,2016-12-19
80000,2016-12-20
80000,2016-12-21
66400,2016-12-22
81667,2016-12-23
81667,2016-12-23
81667,2016-12-23
81667,2016-12-23
78750,2016-12-27
96000,2016-12-28
96000,2016-12-29
96000,2016-12-30
96000,2016-12-30
96000,2016-12-30
96000,2017-01-02
95714,2017-01-03
110000,2017-01-04
110000,2017-01-05
118571,2017-01-06
118571,2017-01-06
0,2017-01-08
118571,2017-01-09
119167,2017-01-10
119000,2017-01-11
119000,2017-01-12
119167,2017-01-13
119167,2017-01-13
119167,2017-01-13
117000,2017-01-16
115833,2017-01-17
116429,2017-01-18
117500,2017-01-19
117000,2017-01-20
117000,2017-01-20
117000,2017-01-20
115000,2017-01-23
141667,2017-01-24
142000,2017-01-25
141667,2017-01-26
141667,2017-01-27
141667,2017-01-27
141667,2017-01-27
138000,2017-01-30
138000,2017-01-31
138333,2017-02-01
138571,2017-02-02
138333,2017-02-03
138333,2017-02-03
138333,2017-02-03
121667,2017-02-06
148571,2017-02-07
153333,2017-02-08
152000,2017-02-09
151667,2017-02-10
151667,2017-02-10
151667,2017-02-10
150000,2017-02-13
150000,2017-02-14
150000,2017-02-14
146667,2017-02-16
147143,2017-02-17
147143,2017-02-17
147143,2017-02-17
144000,2017-02-20
145000,2017-02-21
144286,2017-02-22
145000,2017-02-23
146250,2017-02-24
146250,2017-02-24
146250,2017-02-24
147143,2017-02-27
147143,2017-02-28
147500,2017-03-01
146667,2017-03-02
148571,2017-03-03
148571,2017-03-03
0,2017-03-05
147143,2017-03-06
147500,2017-03-07
146250,2017-03-08
146667,2017-03-09
146667,2017-03-10
146667,2017-03-10
146667,2017-03-10
147143,2017-03-13
145714,2017-03-14
147500,2017-03-15
146667,2017-03-16
133333,2017-03-17
133333,2017-03-17
133333,2017-03-17
112500,2017-03-20
111667,2017-03-21
110000,2017-03-22
110000,2017-03-23
104000,2017-03-24
104000,2017-03-24
104000,2017-03-24
84000,2017-03-27
93333,2017-03-28
93333,2017-03-29
93333,2017-03-30
92222,2017-03-31
92222,2017-03-31
92222,2017-03-31
77857,2017-04-03
78333,2017-04-04
79375,2017-04-05
79375,2017-04-06
78333,2017-04-07
78333,2017-04-07
78333,2017-04-07
70625,2017-04-10
69000,2017-04-11
65000,2017-04-12
65000,2017-04-13
65000,2017-04-13
65000,2017-04-13
65000,2017-04-13
67000,2017-04-17
67000,2017-04-18
67000,2017-04-19
67000,2017-04-20
67000,2017-04-21
67000,2017-04-21
67000,2017-04-21
67000,2017-04-21
67000,2017-04-25
60000,2017-04-26
65000,2017-04-27
65000,2017-04-28
65000,2017-04-28
65000,2017-04-28
65000,2017-04-28
61000,2017-05-02
61000,2017-05-03
61000,2017-05-04
61000,2017-05-05
61000,2017-05-05
61000,2017-05-05
67000,2017-05-08
67000,2017-05-09
67000,2017-05-10
67000,2017-05-10
67000,2017-05-12
67000,2017-05-12
67000,2017-05-12
67000,2017-05-12
65000,2017-05-16
65000,2017-05-17
65000,2017-05-18
65000,2017-05-19
65000,2017-05-19
65000,2017-05-19
61000,2017-05-22
61000,2017-05-22
61000,2017-05-24
61000,2017-05-24
61000,2017-05-24
61000,2017-05-24
61000,2017-05-24
57000,2017-05-29
57000,2017-05-30
57000,2017-05-30
57000,2017-05-30
57000,2017-06-02
57000,2017-06-02
57000,2017-06-02
43000,2017-06-05
39000,2017-06-06
39000,2017-06-07
39000,2017-06-08
39000,2017-06-09
39000,2017-06-09
39000,2017-06-09
43333,2017-06-12
43333,2017-06-13
43000,2017-06-14
43000,2017-06-14
43333,2017-06-16
43333,2017-06-16
43333,2017-06-16
43000,2017-06-19
40714,2017-06-20
40714,2017-06-20
53000,2017-06-22
53000,2017-06-22
53000,2017-06-22
53000,2017-06-22
53000,2017-06-22
53000,2017-06-22
53000,2017-06-22
53000,2017-06-22
53000,2017-06-22
53000,2017-06-22
53000,2017-06-22
55000,2017-07-03
55000,2017-07-04
55000,2017-07-05
55000,2017-07-06
55000,2017-07-07
55000,2017-07-07
55000,2017-07-07
41000,2017-07-10
39167,2017-07-11
39000,2017-07-12
38333,2017-07-13
39000,2017-07-14
39000,2017-07-14
39000,2017-07-14
45600,2017-07-17
45600,2017-07-18
45600,2017-07-19
46600,2017-07-20
48600,2017-07-21
48600,2017-07-21
48600,2017-07-21
48600,2017-07-24
49000,2017-07-25
45600,2017-07-26
45600,2017-07-27
45600,2017-07-27
45600,2017-07-27
45600,2017-07-27
40000,2017-07-31
40000,2017-08-01
40000,2017-08-02
40000,2017-08-03
40000,2017-08-04
40000,2017-08-04
40000,2017-08-04
40000,2017-08-04
40000,2017-08-04
40000,2017-08-09
40000,2017-08-10
40000,2017-08-11
40000,2017-08-11
40000,2017-08-11
40000,2017-08-14
38000,2017-08-15
38000,2017-08-16
38000,2017-08-16
38000,2017-08-18
38000,2017-08-18
38000,2017-08-18
27800,2017-08-21
27800,2017-08-22
27800,2017-08-22
27800,2017-08-24
27800,2017-08-25
27800,2017-08-25
27800,2017-08-25
27571,2017-08-28
27800,2017-08-29
29000,2017-08-30
35000,2017-08-31
35000,2017-08-31
35000,2017-08-31
35000,2017-08-31
31600,2017-09-04
31600,2017-09-05
31600,2017-09-06
31600,2017-09-07
31600,2017-09-08
31600,2017-09-08
31600,2017-09-08
28400,2017-09-11
28400,2017-09-12
28400,2017-09-13
28400,2017-09-14
28400,2017-09-15
28400,2017-09-15
28400,2017-09-15
28400,2017-09-18
28667,2017-09-19
28400,2017-09-20
28400,2017-09-20
27400,2017-09-22
27400,2017-09-22
27400,2017-09-22
27400,2017-09-25
27400,2017-09-26
27400,2017-09-27
27400,2017-09-28
27400,2017-09-28
27400,2017-09-28
27400,2017-09-28
24400,2017-10-02
24400,2017-10-03
25500,2017-10-04
26800,2017-10-05
26800,2017-10-06
26800,2017-10-06
26800,2017-10-06
26400,2017-10-09
26400,2017-10-10
26400,2017-10-11
27000,2017-10-12
26400,2017-10-13
26400,2017-10-13
26400,2017-10-13
23000,2017-10-16
23000,2017-10-16
23000,2017-10-16
23000,2017-10-16
23000,2017-10-16
23000,2017-10-16
23000,2017-10-16
25400,2017-10-23
25400,2017-10-24
24833,2017-10-25
25400,2017-10-26
25400,2017-10-26
25400,2017-10-26
25400,2017-10-26
24800,2017-10-30
23800,2017-10-31
25333,2017-11-01
24600,2017-11-02
24600,2017-11-03
24600,2017-11-03
24600,2017-11-03
24600,2017-11-06
24600,2017-11-06
25000,2017-11-08
24600,2017-11-09
24600,2017-11-10
24600,2017-11-10
24600,2017-11-10
24600,2017-11-13
25800,2017-11-14
25800,2017-11-15
25800,2017-11-16
25800,2017-11-17
25800,2017-11-17
25800,2017-11-17
25400,2017-11-20
25400,2017-11-21
25400,2017-11-22
25400,2017-11-22
23600,2017-11-24
23600,2017-11-24
23600,2017-11-24
24600,2017-11-27
24600,2017-11-27
24600,2017-11-29
24600,2017-11-30
24600,2017-11-30
24600,2017-11-30
24600,2017-11-30
24600,2017-11-30
22800,2017-12-05
23167,2017-12-06
23800,2017-12-07
23800,2017-12-08
23800,2017-12-08
23800,2017-12-08
51406,2017-12-11
51406,2017-12-11
25600,2017-12-13
25600,2017-12-14
25600,2017-12-15
25600,2017-12-15
25600,2017-12-15
49000,2017-12-18
49000,2017-12-19
49000,2017-12-20
45000,2017-12-21
49000,2017-12-22
49000,2017-12-22
49000,2017-12-22
49000,2017-12-22
49000,2017-12-22
55400,2017-12-27
55400,2017-12-28
57833,2017-12-29
57833,2017-12-29
57833,2017-12-29
57833,2017-12-29
54333,2018-01-02
56333,2018-01-03
54667,2018-01-04
55600,2018-01-05
55600,2018-01-05
0,2018-01-07
55600,2018-01-08
56333,2018-01-09
55600,2018-01-10
59000,2018-01-11
59000,2018-01-12
59000,2018-01-12
59000,2018-01-12
53000,2018-01-15
58000,2018-01-16
57000,2018-01-17
57000,2018-01-18
57000,2018-01-19
57000,2018-01-19
57000,2018-01-19
54000,2018-01-22
54000,2018-01-23
54000,2018-01-24
54000,2018-01-25
52000,2018-01-26
52000,2018-01-26
52000,2018-01-26
49333,2018-01-29
49600,2018-01-30
48000,2018-01-31
49600,2018-02-01
47600,2018-02-02
47600,2018-02-02
47600,2018-02-02
45000,2018-02-05
41000,2018-02-06
40000,2018-02-07
47000,2018-02-08
47000,2018-02-09
47000,2018-02-09
47000,2018-02-09
47000,2018-02-12
47000,2018-02-13
45000,2018-02-14
50000,2018-02-15
50000,2018-02-15
50000,2018-02-15
50000,2018-02-15
59000,2018-02-19
59000,2018-02-20
59000,2018-02-20
59000,2018-02-22
58000,2018-02-23
58000,2018-02-23
58000,2018-02-23
59000,2018-02-26
59000,2018-02-27
59000,2018-02-28
59167,2018-03-01
59167,2018-03-02
59167,2018-03-02
59167,2018-03-02
61000,2018-03-05
61000,2018-03-06
64286,2018-03-07
65000,2018-03-08
60833,2018-03-09
60833,2018-03-09
60833,2018-03-09
76000,2018-03-12
74000,2018-03-13
73333,2018-03-14
74000,2018-03-15
70000,2018-03-16
70000,2018-03-16
70000,2018-03-16
70000,2018-03-16
70000,2018-03-16
70833,2018-03-21
70833,2018-03-21
67000,2018-03-23
67000,2018-03-23
67000,2018-03-23
65000,2018-03-26
65000,2018-03-26
66000,2018-03-28
62000,2018-03-29
62000,2018-03-29
62000,2018-03-29
62000,2018-03-29
58000,2018-04-02
54000,2018-04-03
54000,2018-04-04
54000,2018-04-05
53750,2018-04-06
53750,2018-04-06
53750,2018-04-06
45000,2018-04-09
47600,2018-04-10
47600,2018-04-10
48000,2018-04-12
48000,2018-04-12
48000,2018-04-12
48000,2018-04-12
42500,2018-04-16
43000,2018-04-17
43000,2018-04-17
43000,2018-04-17
41000,2018-04-20
41000,2018-04-20
41000,2018-04-20
41000,2018-04-23
41000,2018-04-24
41000,2018-04-24
41000,2018-04-26
41000,2018-04-26
41000,2018-04-26
41000,2018-04-26
37000,2018-04-30
37000,2018-04-30
37000,2018-05-02
36667,2018-05-03
36667,2018-05-03
36667,2018-05-03
36667,2018-05-03
37500,2018-05-07
38000,2018-05-08
38571,2018-05-09
38571,2018-05-09
39600,2018-05-11
39600,2018-05-11
39600,2018-05-11
36000,2018-05-14
36000,2018-05-15
36000,2018-05-16
36000,2018-05-16
40400,2018-05-18
40400,2018-05-18
40400,2018-05-18
40400,2018-05-18
36400,2018-05-22
36400,2018-05-23
34000,2018-05-24
34000,2018-05-25
34000,2018-05-25
34000,2018-05-25
35000,2018-05-28
35000,2018-05-28
34000,2018-05-30
33000,2018-05-31
33000,2018-05-31
33000,2018-05-31
33000,2018-05-31
32143,2018-06-04
33000,2018-06-05
33000,2018-06-06
33000,2018-06-07
33000,2018-06-08
33000,2018-06-08
33000,2018-06-08
33000,2018-06-08
33000,2018-06-08
33000,2018-06-08
33000,2018-06-08
33000,2018-06-08
33000,2018-06-08
33000,2018-06-08
33000,2018-06-08
33000,2018-06-08
33000,2018-06-08
39000,2018-06-21
39000,2018-06-22
39000,2018-06-22
39000,2018-06-22
42000,2018-06-25
42000,2018-06-25
42000,2018-06-25
42000,2018-06-28
42000,2018-06-29
42000,2018-06-29
42000,2018-06-29
53000,2018-07-02
53000,2018-07-03
55000,2018-07-04
52000,2018-07-05
55000,2018-07-06
55000,2018-07-06
55000,2018-07-06
66000,2018-07-09
67200,2018-07-10
67200,2018-07-11
67200,2018-07-11
67200,2018-07-11
67200,2018-07-11
67200,2018-07-11
67200,2018-07-11
69200,2018-07-17
62200,2018-07-18
62200,2018-07-19
62200,2018-07-19
62200,2018-07-19
62200,2018-07-19
60200,2018-07-23
55857,2018-07-24
55167,2018-07-25
60200,2018-07-26
55200,2018-07-27
55200,2018-07-27
55200,2018-07-27
52143,2018-07-30
52000,2018-07-31
52000,2018-08-01
51667,2018-08-02
52000,2018-08-03
52000,2018-08-03
52000,2018-08-03
51600,2018-08-06
49600,2018-08-07
49600,2018-08-07
49600,2018-08-09
51600,2018-08-10
51600,2018-08-10
51600,2018-08-10
49000,2018-08-13
49000,2018-08-13
49000,2018-08-15
49000,2018-08-15
49000,2018-08-15
49000,2018-08-15
49000,2018-08-15
46000,2018-08-20
46429,2018-08-21
46429,2018-08-21
46429,2018-08-21
45000,2018-08-24
45000,2018-08-24
45000,2018-08-24
45000,2018-08-24
45000,2018-08-24
45000,2018-08-24
45000,2018-08-24
40000,2018-08-31
40000,2018-08-31
40000,2018-08-31
40000,2018-08-31
37000,2018-09-04
37000,2018-09-04
37000,2018-09-04
37000,2018-09-04
37000,2018-09-04
37000,2018-09-04
34400,2018-09-10
34400,2018-09-10
32667,2018-09-12
34333,2018-09-13
34333,2018-09-13
34333,2018-09-13
34333,2018-09-13
34333,2018-09-13
34333,2018-09-13
34333,2018-09-13
34333,2018-09-13
32000,2018-09-21
32000,2018-09-21
32000,2018-09-21
31400,2018-09-24
31400,2018-09-25
31400,2018-09-26
31400,2018-09-26
31400,2018-09-28
31400,2018-09-28
31400,2018-09-28
33000,2018-10-01
33000,2018-10-01
32143,2018-10-03
33000,2018-10-04
33000,2018-10-05
33000,2018-10-05
33000,2018-10-05
34167,2018-10-08
34000,2018-10-09
34000,2018-10-09
34167,2018-10-11
34167,2018-10-11
34167,2018-10-11
34167,2018-10-11
36000,2018-10-15
36000,2018-10-16
36000,2018-10-16
36000,2018-10-18
35000,2018-10-19
35000,2018-10-19
35000,2018-10-19
37000,2018-10-22
37000,2018-10-23
37500,2018-10-24
37400,2018-10-25
37400,2018-10-25
37400,2018-10-25
37400,2018-10-25
33333,2018-10-29
33333,2018-10-29
32800,2018-10-31
32800,2018-10-31
30800,2018-11-02
30800,2018-11-02
30800,2018-11-02
31600,2018-11-05
31600,2018-11-06
31600,2018-11-06
33600,2018-11-08
33000,2018-11-09
33000,2018-11-09
33000,2018-11-09
32800,2018-11-12
32800,2018-11-13
34000,2018-11-14
35800,2018-11-15
35800,2018-11-15
35800,2018-11-15
35800,2018-11-15
35800,2018-11-15
35800,2018-11-15
30000,2018-11-21
30000,2018-11-21
30000,2018-11-21
30000,2018-11-21
30000,2018-11-21
32000,2018-11-26
32000,2018-11-27
35000,2018-11-28
35000,2018-11-29
35000,2018-11-30
35000,2018-11-30
35000,2018-11-30
31667,2018-12-03
31667,2018-12-03
33200,2018-12-05
33200,2018-12-06
31429,2018-12-07
31429,2018-12-07
31429,2018-12-07
35400,2018-12-10
35400,2018-12-10
34143,2018-12-12
35667,2018-12-13
35667,2018-12-13
35667,2018-12-13
35667,2018-12-13
38667,2018-12-17
36400,2018-12-18
36400,2018-12-19
36400,2018-12-20
36400,2018-12-20
36400,2018-12-20
36400,2018-12-20
36400,2018-12-20
36400,2018-12-20
36400,2018-12-20
61000,2018-12-27
65000,2018-12-28
65000,2018-12-28
65000,2018-12-28
65000,2018-12-28
65000,2018-12-28
62000,2019-01-02
62000,2019-01-02
65500,2019-01-04
65500,2019-01-04
65500,2019-01-04
48000,2019-01-07
43667,2019-01-08
43667,2019-01-08
40333,2019-01-10
36429,2019-01-11
36429,2019-01-11
36429,2019-01-11
37000,2019-01-14
37000,2019-01-15
37000,2019-01-16
40000,2019-01-17
40833,2019-01-18
40833,2019-01-18
40833,2019-01-18
38000,2019-01-21
38000,2019-01-21
40000,2019-01-23
38000,2019-01-24
35833,2019-01-25
35833,2019-01-25
35833,2019-01-25
39000,2019-01-28
39000,2019-01-29
39000,2019-01-29
39000,2019-01-31
31800,2019-02-01
31800,2019-02-01
31800,2019-02-01
32500,2019-02-04
32500,2019-02-04
34167,2019-02-06
34167,2019-02-06
33000,2019-02-08
33000,2019-02-08
33000,2019-02-08
33400,2019-02-11
32833,2019-02-12
33400,2019-02-13
31400,2019-02-14
31400,2019-02-15
31400,2019-02-15
31400,2019-02-15
30400,2019-02-18
29000,2019-02-19
29000,2019-02-20
29000,2019-02-21
29000,2019-02-21
29000,2019-02-21
29000,2019-02-21
24600,2019-02-25
29000,2019-02-26
29000,2019-02-27
29000,2019-02-28
29000,2019-02-28
29000,2019-02-28
29000,2019-02-28
31600,2019-03-04
32000,2019-03-05
32000,2019-03-06
32000,2019-03-06
32000,2019-03-08
32000,2019-03-08
32000,2019-03-08
32000,2019-03-11
34000,2019-03-12
34000,2019-03-13
34000,2019-03-14
33400,2019-03-15
33400,2019-03-15
33400,2019-03-15
33400,2019-03-15
33400,2019-03-15
33400,2019-03-15
30000,2019-03-21
30000,2019-03-22
30000,2019-03-22
30000,2019-03-22
28333,2019-03-25
28333,2019-03-25
30714,2019-03-27
30714,2019-03-27
30714,2019-03-27
30714,2019-03-27
30714,2019-03-27
30714,2019-03-27
29400,2019-04-02
29400,2019-04-02
27400,2019-04-04
27400,2019-04-05
27400,2019-04-05
27400,2019-04-05
27400,2019-04-05
27400,2019-04-05
27400,2019-04-05
27400,2019-04-05
27400,2019-04-05
27400,2019-04-05
27400,2019-04-05
27400,2019-04-05
27400,2019-04-05
27400,2019-04-05
27400,2019-04-05
27400,2019-04-05
27400,2019-04-05
27400,2019-04-05
35600,2019-04-22
35600,2019-04-22
35600,2019-04-22
37167,2019-04-25
37167,2019-04-25
37167,2019-04-25
37167,2019-04-25
39600,2019-04-29
39600,2019-04-30
39600,2019-04-30
39600,2019-04-30
39600,2019-04-30
39600,2019-04-30
39600,2019-04-30
41000,2019-05-06
40000,2019-05-07
43000,2019-05-08
38400,2019-05-09
38400,2019-05-09
38400,2019-05-09
38400,2019-05-09
33600,2019-05-13
33600,2019-05-13
31000,2019-05-15
31600,2019-05-16
31000,2019-05-17
31000,2019-05-17
31000,2019-05-17
30000,2019-05-20
29000,2019-05-21
26250,2019-05-22
26250,2019-05-22
27500,2019-05-24
27500,2019-05-24
27500,2019-05-24
26250,2019-05-27
25000,2019-05-28
23750,2019-05-29
23750,2019-05-29
28750,2019-05-31
28750,2019-05-31
28750,2019-05-31
28750,2019-05-31
28750,2019-05-31
28750,2019-05-31
28750,2019-05-31
28750,2019-05-31
28750,2019-05-31
28750,2019-05-31
28750,2019-05-31
33000,2019-06-11
32500,2019-06-12
32500,2019-06-12
30000,2019-06-14
30000,2019-06-14
30000,2019-06-14
32500,2019-06-17
32500,2019-06-17
32600,2019-06-19
31333,2019-06-20
31600,2019-06-21
31600,2019-06-21
31600,2019-06-21
31600,2019-06-21
33571,2019-06-25
34000,2019-06-26
34000,2019-06-27
40833,2019-06-28
40833,2019-06-28
40833,2019-06-28
43333,2019-07-01
47000,2019-07-02
47000,2019-07-02
53000,2019-07-04
55000,2019-07-05
55000,2019-07-05
55000,2019-07-05
55000,2019-07-05
61000,2019-07-09
61000,2019-07-10
61000,2019-07-10
60000,2019-07-12
60000,2019-07-12
60000,2019-07-12
63000,2019-07-15
63000,2019-07-15
54750,2019-07-17
54750,2019-07-17
78333,2019-07-19
78333,2019-07-19
78333,2019-07-19
78000,2019-07-22
78000,2019-07-23
78000,2019-07-23
80000,2019-07-25
80000,2019-07-25
80000,2019-07-25
80000,2019-07-25
82000,2019-07-29
83333,2019-07-30
82000,2019-07-31
82000,2019-08-01
83000,2019-08-02
83000,2019-08-02
83000,2019-08-02
69700,2019-08-05
86667,2019-08-06
92000,2019-08-07
100000,2019-08-08
92000,2019-08-09
92000,2019-08-09
92000,2019-08-09
100000,2019-08-12
106667,2019-08-13
104000,2019-08-14
104000,2019-08-14
104000,2019-08-14
104000,2019-08-14
104000,2019-08-14
93333,2019-08-19
93333,2019-08-19
100000,2019-08-21
100000,2019-08-22
96000,2019-08-23
96000,2019-08-23
96000,2019-08-23
96000,2019-08-23
96000,2019-08-23
96000,2019-08-23
86000,2019-08-29
86000,2019-08-29
86000,2019-08-29
86000,2019-08-29
76000,2019-09-02
83000,2019-09-03
83000,2019-09-04
84000,2019-09-05
84000,2019-09-06
84000,2019-09-06
84000,2019-09-06
85833,2019-09-09
85000,2019-09-10
84000,2019-09-11
84000,2019-09-12
80833,2019-09-13
80833,2019-09-13
80833,2019-09-13
73000,2019-09-16
71667,2019-09-17
70000,2019-09-18
70000,2019-09-18
72000,2019-09-20
72000,2019-09-20
72000,2019-09-20
66000,2019-09-23
66000,2019-09-23
66000,2019-09-23
66000,2019-09-23
61250,2019-09-27
61250,2019-09-27
61250,2019-09-27
60000,2019-09-30
60000,2019-10-01
60000,2019-10-02
60000,2019-10-03
60000,2019-10-03
60000,2019-10-03
60000,2019-10-03
60000,2019-10-03
62000,2019-10-08
62000,2019-10-08
62000,2019-10-08
62000,2019-10-08
62000,2019-10-08
58000,2019-10-13
58000,2019-10-13
58000,2019-10-13
60000,2019-10-16
56000,2019-10-17
56000,2019-10-17
56000,2019-10-17
58000,2019-10-20
58000,2019-10-20
58000,2019-10-20
58000,2019-10-20
58000,2019-10-20
58000,2019-10-20
58000,2019-10-20
54000,2019-10-27
54000,2019-10-27
54000,2019-10-29
54000,2019-10-29
46000,2019-10-31
46000,2019-10-31
46000,2019-10-31
45000,2019-11-03
47000,2019-11-04
46000,2019-11-05
42000,2019-11-06
44000,2019-11-07
44000,2019-11-07
44000,2019-11-07
44000,2019-11-10
46000,2019-11-11
50000,2019-11-12
49000,2019-11-13
45000,2019-11-14
45000,2019-11-14
45000,2019-11-14
38000,2019-11-17
38000,2019-11-18
50000,2019-11-19
50000,2019-11-19
50000,2019-11-19
50000,2019-11-19
50000,2019-11-19
50000,2019-11-19
50000,2019-11-19
50000,2019-11-19
40000,2019-11-27
40000,2019-11-28
40000,2019-11-28
40000,2019-11-28
40000,2019-12-01
40000,2019-12-02
40000,2019-12-03
32000,2019-12-04
32000,2019-12-04
32000,2019-12-04
32000,2019-12-04
42000,2019-12-08
42000,2019-12-08
42000,2019-12-08
42000,2019-12-08
42000,2019-12-08
42000,2019-12-08
42000,2019-12-08
43000,2019-12-15
44000,2019-12-16
44000,2019-12-16
47000,2019-12-18
47000,2019-12-18
47000,2019-12-18
47000,2019-12-18
47000,2019-12-18
47000,2019-12-18
47000,2019-12-18
47000,2019-12-18
47000,2019-12-18
47000,2019-12-18
47000,2019-12-18
51000,2019-12-29
51000,2019-12-30
51000,2019-12-30
51000,2020-01-01
44000,2020-01-02
44000,2020-01-02
44000,2020-01-02
45000,2020-01-05
54000,2020-01-06
54000,2020-01-06
52000,2020-01-08
57000,2020-01-09
57000,2020-01-09
57000,2020-01-09
57000,2020-01-09
57000,2020-01-09
72000,2020-01-14
72500,2020-01-15
76000,2020-01-16
76000,2020-01-16
76000,2020-01-16
76000,2020-01-16
94000,2020-01-20
82000,2020-01-21
94000,2020-01-22
90000,2020-01-23
90000,2020-01-23
90000,2020-01-23
86000,2020-01-26
90000,2020-01-27
90000,2020-01-27
94000,2020-01-29
80000,2020-01-30
80000,2020-01-30
80000,2020-01-30
63200,2020-02-02
94000,2020-02-03
94000,2020-02-03
94000,2020-02-05
94000,2020-02-05
94000,2020-02-05
94000,2020-02-05
94000,2020-02-05
94000,2020-02-05
94000,2020-02-05
94000,2020-02-05
81000,2020-02-13
81000,2020-02-13
81000,2020-02-13
81000,2020-02-13
81000,2020-02-13
81000,2020-02-13
51000,2020-02-19
53000,2020-02-20
53000,2020-02-20
53000,2020-02-20
56000,2020-02-23
54000,2020-02-24
54000,2020-02-24
54000,2020-02-24
52000,2020-02-27
52000,2020-02-27
52000,2020-02-27
52000,2020-02-27
46000,2020-03-02
48000,2020-03-03
39000,2020-03-04
50000,2020-03-05
50000,2020-03-05
50000,2020-03-05
43000,2020-03-08
